"","x","y","date","angle","dist","dist_smoothed","speed","speed_smoothed","spatial_angle","abs_spatial_angle","speed_persistance","speed_rotation"
"1",491551.865249524,7869734.75688029,2015-07-23 06:28:00,0.805958697767374,6.29398637459312,6.67297041342437,47.2048978094484,50.0472781006828,-0.425416975082071,0.425416975082071,42.9973707314544,-19.4814908921863
"2",491558.138384671,7869735.26877863,2015-07-23 06:36:00,0.325702621764921,10.1377474041903,8.21586688939172,76.0331055314273,61.6190016704379,-0.463596943707287,0.463596943707287,68.0077996901154,-33.9995929102439
"3",491567.975156424,7869732.81687245,2015-07-23 06:44:00,0.0340159246986108,15.0764499922315,12.6070986982109,113.073374941736,94.5532402365816,0.322290805420832,0.322290805420832,107.251488883874,35.8148887043728
"4",491582.719555897,7869729.67012357,2015-07-23 06:52:00,1.5152951354395,48.9274542485174,32.0019521203744,366.95590686388,240.014640902808,1.52379597340616,1.52379597340616,17.2407081149201,366.550672576097
"5",491595.570305077,7869776.87980504,2015-07-23 07:00:00,0.289411554968339,300.655777996607,174.791616122562,2254.91833497455,1310.93712091922,-0.289411554991898,0.289411554991898,2161.14073885091,-643.527314325776
"6",491754.04437789,7870032.37905179,2015-07-23 07:08:00,0.100766736540262,245.480292326194,273.068035161401,1841.10219244646,2048.0102637105,-0.100766736507897,0.100766736507897,1831.76288285533,-185.208056046885
"7",491903.764852491,7870226.91530395,2015-07-23 07:16:00,0.503665051673469,85.2414289941262,165.36086066016,639.310717455946,1240.2064549512,-0.503665051735129,0.503665051735129,559.920826355012,-308.556091607275
"8",491981.901176531,7870260.98605508,2015-07-23 07:24:00,0.604511613720767,180.444011385831,132.842720189979,1353.33008539373,996.320401424839,-0.604511613730083,0.604511613730083,1113.4926233209,-769.179106477648
"9",492158.983661231,7870226.31856516,2015-07-23 07:32:00,0.606473615361081,70.6771006913525,125.560556038592,530.078255185144,941.704170289438,0.606473615384995,0.606473615384995,435.545725616193,302.130563693232
"10",492223.714083255,7870254.69505237,2015-07-23 07:40:00,0.643495608002356,277.010698067116,173.843899379234,2077.58023550337,1303.82924534426,-0.64349560794147,0.64349560794147,1662.07104545415,-1246.53899851436
"11",492493.408145898,7870191.44918753,2015-07-23 07:48:00,0.238399890598135,349.993200366909,313.501949217013,2624.94900275182,2351.26461912759,0.238399890595678,0.238399890595678,2550.70778381807,619.876655970932
"12",492843.389998635,7870194.26753065,2015-07-23 07:56:00,0.0872996817018748,296.425435703726,323.209318035317,2223.19076777794,2424.06988526488,-0.0872996817283316,0.0872996817283316,2214.7244178189,-193.837413957643
"13",493138.885131904,7870170.80127516,2015-07-23 08:04:00,0.0360464098322108,135.475828385332,215.950632044529,1016.06871288999,1619.62974033397,-0.0360464098214324,0.0360464098214324,1015.40867314222,-36.6176982003135
"14",493273.461545798,7870155.21638184,2015-07-23 08:12:00,0.038336217384137,296.824078436155,216.149953410744,2226.18058827116,1621.12465058058,0.0383362174426823,0.0383362174426823,2224.54491813073,85.3224402725767
"15",493569.407100408,7870132.39616611,2015-07-23 08:20:00,0.0334929535700465,221.762469842353,259.293274139254,1663.21852381765,1944.69955604441,-0.0334929535422186,0.0334929535422186,1662.28573009929,-55.6956863538018
"16",493789.818277884,7870107.95223282,2015-07-23 08:28:00,0.182583554596329,202.524255716566,212.143362779459,1518.93191787424,1591.07522084595,0.182583554622005,0.182583554622005,1493.6840449574,275.793663772051
"17",493991.815872447,7870122.54832629,2015-07-23 08:36:00,0.065600821654406,339.67006477146,271.097160244013,2547.52548578595,2033.2287018301,0.0656008216766408,0.0656008216766408,2542.04585437218,166.999925144242
"18",494328.269136298,7870169.18472994,2015-07-23 08:44:00,0.0818345682116237,433.006229642204,386.338147206832,3247.54672231653,2897.53610405124,0.0818345682049318,0.0818345682049318,3236.67854737594,265.465053416149
"19",494750.879521129,7870263.49728235,2015-07-23 08:52:00,0.00427902103579714,404.20564608677,418.605937864487,3031.54234565077,3139.54453398365,-0.00427902105810464,0.00427902105810464,3031.51459189079,-12.9719939492436
"20",495145.753892401,7870349.84793516,2015-07-23 09:00:00,0.0448022528361884,287.050117430224,345.627881758497,2152.87588072668,2592.20911318873,0.0448022528463728,0.0448022528463728,2150.71557082461,96.4214251462619
"21",495423.149458727,7870423.66845873,2015-07-23 09:08:00,0.23192942378695,355.916253212449,321.483185321336,2669.37189909337,2411.12388991002,-0.231929423780981,0.231929423780981,2597.89871293436,-613.570381458644
"22",495778.924577205,7870433.69065272,2015-07-23 09:16:00,0.141986450023787,354.613010298966,355.264631755707,2659.59757724224,2664.4847381678,-0.14198645000894,0.14198645000894,2632.83364066517,-376.359261151606
"23",496131.24290583,7870393.41432731,2015-07-23 09:24:00,0.0570425827617643,320.831778263406,337.722394281186,2406.23833697554,2532.91795710889,-0.0570425827367504,0.0570425827367504,2402.3246215503,-137.183625203698
"24",496447.402670126,7870338.86129455,2015-07-23 09:32:00,0.152962594108373,378.683086148872,349.757432206139,2840.12314611654,2623.18074154604,0.152962594083792,0.152962594083792,2806.96191045466,432.740474607668
"25",496826.025064794,7870332.08176721,2015-07-23 09:40:00,0.110210558858444,320.006814467377,349.344950308124,2400.05110850532,2620.08712731093,0.110210558873325,0.110210558873325,2385.4899051352,263.975824528823
"26",497144.669533749,7870361.57860959,2015-07-23 09:48:00,0.197542362998504,226.580410344311,273.293612405844,1699.35307758233,2049.70209304383,-0.197542362991791,0.197542362991791,1666.30384593239,-333.515180043527
"27",497369.996464031,7870337.77825578,2015-07-23 09:56:00,0.217891933196256,238.781483626706,232.680946985508,1790.86112720029,1745.10710239131,0.217891933192619,0.217891933192619,1748.51679465012,387.133821492721
"28",497607.264309735,7870364.62162215,2015-07-23 10:04:00,0.394184234605593,313.546709813778,276.164096720242,2351.60032360333,2071.23072540181,0.394184234623822,0.394184234623822,2171.25649552358,903.14412616035
"29",497881.392724857,7870516.82264468,2015-07-23 10:12:00,0.323857271626817,207.666093868444,260.606401841111,1557.49570401333,1954.54801380833,-0.323857271639991,0.323857271639991,1476.52927552088,-495.63511432278
"30",498085.591880877,7870554.61035727,2015-07-23 10:20:00,0.201807291771196,250.29709367762,228.981593773032,1877.22820258215,1717.36195329774,-0.201807291806234,0.201807291806234,1839.13159074316,-376.272130911053
"31",498335.844630067,7870549.89902769,2015-07-23 10:28:00,0.059282640593095,96.2322798980889,173.264686787855,721.742099235667,1299.48515090891,0.0592826405773547,0.0592826405773547,720.47421405079,42.7617199958483
"32",498431.998159561,7870553.79138692,2015-07-23 10:36:00,0.0641332424836073,242.249985793009,169.241132845549,1816.87489344757,1269.30849634162,-0.0641332425079294,0.0641332425079294,1813.13970462183,-116.442217275223
"33",498674.180259216,7870548.05673584,2015-07-23 10:44:00,0.521194448328452,142.976319982496,192.613152887752,1072.32239986872,1444.59864665814,-0.521194448374455,0.521194448374455,929.944860872628,-533.926853601496
"34",498796.452912974,7870473.95122849,2015-07-23 10:52:00,0.115568928479405,233.129308881497,188.052814431996,1748.46981661123,1410.39610823997,-0.115568928436861,0.115568928436861,1736.80637050553,-201.61927232263
"35",498980.56062679,7870330.93506027,2015-07-23 11:00:00,0.414145738370767,334.418438956,283.773873918749,2508.13829217,2128.30405439062,0.414145738361627,0.414145738361627,2296.10132492308,1009.29500064944
"36",499304.887340259,7870249.40055687,2015-07-23 11:08:00,2.39778710758222,37.679161939547,186.048800447774,282.593714546603,1395.3660033583,-2.39778710752263,2.39778710752263,-207.959918723198,-191.342310286793
"37",499271.775945452,7870231.41848863,2015-07-23 11:16:00,0.313392036049253,126.344154520388,82.0116582299676,947.581158902911,615.087436724757,-0.313392036069515,0.313392036069515,901.427629697674,-292.127166017499
"38",499147.567320256,7870208.28706393,2015-07-23 11:24:00,0.490678949364272,328.912194571818,227.628174546103,2466.84145928863,1707.21130909577,-0.490678949356639,0.490678949356639,2175.78654222877,-1162.43696944025
"39",498833.9896646,7870307.54574421,2015-07-23 11:32:00,0.219690271247983,295.61753391052,312.264864241169,2217.1315043289,2341.98648180876,-0.219690271240968,0.219690271240968,2163.84273645033,-483.173591371512
"40",498578.369848782,7870456.03222883,2015-07-23 11:40:00,0.396916263115359,366.525469478701,331.071501694611,2748.94102109026,2483.03626270958,0.396916263135284,0.396916263135284,2535.23140893027,1062.6751340867
"41",498214.905489906,7870503.30356903,2015-07-23 11:48:00,0.425914632248753,56.9617738356416,211.743621657172,427.213303767312,1588.07716242879,0.42591463228714,0.42591463228714,389.046592698731,176.50483173355
"42",498160.430625154,7870486.65626328,2015-07-23 11:56:00,0.247138951540599,80.5412117641375,68.7514927998895,604.059088231031,515.636195999172,-0.247138951605127,0.247138951605127,585.705532001547,-147.771485264545
"43",498079.98784298,7870482.6756115,2015-07-23 12:04:00,0.145015027467331,36.8967115737141,58.7189616689258,276.725336802856,440.392212516944,0.145015027470701,0.145015027470701,273.820754170884,39.988831114984
"44",498043.786547285,7870475.54584888,2015-07-23 12:12:00,0.351758890627512,152.11134735335,94.5040294635319,1140.83510515012,708.780220976489,-0.351758890579493,0.351758890579493,1070.97965012903,-393.074199296239
"45",497893.553188791,7870499.37440296,2015-07-23 12:20:00,0.0202743831777776,206.263545549058,179.187446451204,1546.97659161794,1343.90584838403,-0.0202743832122964,0.0202743832122964,1546.65865966926,-31.361847584753
"46",497690.533123612,7870535.80932243,2015-07-23 12:28:00,1.74849715653646,3.77319606153642,105.018370805297,28.2989704615232,787.63778103973,0.630327130374028,0.630327130374028,22.8608913866241,16.6796694868674
"47",497690.533600977,7870532.0361264,2015-07-23 12:36:00,1.11140131770124,4.4669041420154,4.12005010177591,33.5017810651155,30.9003757633193,0.238002272371745,0.238002272371745,32.5573960546236,7.89843634381598
"48",497686.53007197,7870530.05496813,2015-07-23 12:44:00,0.896395010376386,4.23587513487894,4.35138963844717,31.7690635115921,32.6354222883538,-0.0179344984839097,0.0179344984839097,31.7639544486891,-0.569731678229447
"49",497685.626856371,7870525.91650951,2015-07-23 12:52:00,1.43935799973762,20.6795448070045,12.4577099709417,155.096586052533,93.4328247820628,-0.461659086137251,0.461659086137251,138.860255970439,-69.0853118757893
"50",497665.019260244,7870527.6400394,2015-07-23 13:00:00,0.506447575464911,7.53748396531724,14.1085143861608,56.5311297398793,105.813857896206,0.143123827058464,0.143123827058464,55.9531134644165,8.06335682611115
"51",497658.755592923,7870531.8329067,2015-07-23 13:08:00,0.962392613810455,203.252057528968,105.394770747143,1524.39043146726,790.46078060357,0.63888631560448,0.63888631560448,1223.72019260334,908.996742438492
"52",497469.442745635,7870457.85963625,2015-07-23 13:16:00,0.383804191575521,65.7669151189136,134.509486323941,493.251863391852,1008.82114742956,-0.383804191569106,0.383804191569106,457.366244827449,-184.698453788797
"53",497403.68002982,7870458.60282725,2015-07-23 13:24:00,0.119650261869255,33.7089675450374,49.7379413319755,252.81725658778,373.034559989816,0.11965026183285,0.11965026183285,251.009725216997,30.1775259930166
"54",497370.168734438,7870454.95761467,2015-07-23 13:32:00,0.154980450940855,21.7339855132282,27.7214765291328,163.004891349212,207.911073968496,0.154980450969505,0.154980450969505,161.051204140558,25.1615629213404
"55",497349.183951597,7870449.30031714,2015-07-23 13:40:00,0.696659244111462,61.5916096967431,41.6627976049857,461.937072725573,312.470982037392,-0.696659244067648,0.696659244067648,354.301156650371,-296.406055191996
"56",497293.285076401,7870475.1622996,2015-07-23 13:48:00,0.0319518371838092,66.6408566132002,64.1162331549717,499.806424599002,480.871748662287,-0.0319518371781591,0.0319518371781591,499.551315141694,-15.9670163349705
"57",497233.728440774,7870505.06231503,2015-07-23 13:56:00,0.892269595200734,7.37684264122766,37.0088496272139,55.3263198092075,277.566372204105,0.834726233395937,0.834726233395937,37.1450177745898,41.0030403525898
"58",497227.013913287,7870502.00733091,2015-07-23 14:04:00,0.0908499600238266,22.2174186544487,14.7971306478382,166.630639908365,110.978479858786,0.511634626145378,0.511634626145378,145.292812422493,81.5828953557891
"59",497206.039884801,7870494.67904184,2015-07-23 14:12:00,2.96527665631092,0.904738370560825,11.5610785125048,6.78553777920619,86.7080888437858,1.3547130274302,1.3547130274302,1.45485771153825,6.62773807510618
"60",497206.933092754,7870494.82302473,2015-07-23 14:20:00,0.450294243750683,4.34616057828304,2.62544947442193,32.5962043371228,19.6908710581645,1.30361397037213,1.30361397037213,8.6058809751412,31.4396461466914
"61",497210.495123592,7870497.3132151,2015-07-23 14:28:00,1.8716289441312,11.8131644654871,8.07966252188509,88.5987334911535,60.5974689141382,1.23209999903589,1.23209999903589,29.437617261139,83.5653173644614
"62",497214.09077858,7870486.06056564,2015-07-23 14:36:00,0.771274067519933,17.9123363078473,14.8627503866672,134.342522308855,111.470627900004,0.209906880777608,0.209906880777608,131.393747216916,27.9927935833914
"63",497206.106709632,7870470.02602682,2015-07-23 14:44:00,0.0373957169588144,42.1524889022614,30.0324126050544,316.143666766961,225.243094537908,-0.0635384458659671,0.0635384458659671,315.505724242631,-20.0737641460662
"64",497188.741952508,7870431.61642476,2015-07-23 14:52:00,0.648469360557449,30.9489574841301,36.5507231931958,232.117181130976,274.130423948968,-0.648469360528695,0.648469360528695,184.999526015127,-140.191159316016
"65",497161.548118239,7870416.84031746,2015-07-23 15:00:00,0.741182589912569,17.065326656454,24.0071420702921,127.989949923405,180.05356552719,-0.764220435607581,0.764220435607581,92.3987625954224,-88.5657718999302
"66",497144.98601061,7870420.95394904,2015-07-23 15:08:00,0.151765042355303,47.5180470047879,32.2916868306209,356.385352535909,242.187651229657,-0.282432458808122,0.282432458808122,342.265497454589,-99.3219449784725
"67",497101.130944071,7870439.24870047,2015-07-23 15:16:00,0.519931027399206,25.2056338140588,36.3618404094233,189.042253605441,272.713803070675,0.519931027394403,0.519931027394403,164.060971747399,93.9200255404718
"68",497076.121082439,7870436.11329026,2015-07-23 15:24:00,0.114201719470158,13.8930534585541,19.5493436363064,104.197900939156,146.620077272298,-0.432170066349753,0.432170066349753,94.617838898885,-43.6424921633814
"69",497062.228796955,7870435.96721349,2015-07-23 15:32:00,0.879716715351416,46.5246901959918,30.208871827273,348.935176469938,226.566538704547,-0.915063585530535,0.915063585530535,212.759796851025,-276.566495118294
"70",497032.200079371,7870471.5034333,2015-07-23 15:40:00,2.27608041580439,8.04167945696046,27.2831848264761,60.3125959272035,204.623886198571,1.96311295891532,1.96311295891532,-23.0593188447462,55.7303960320977
"71",497030.88779801,7870463.56954862,2015-07-23 15:48:00,0.509324222397899,17.877915717176,12.9597975870682,134.08436787882,97.1984819030118,1.45400528204584,1.45400528204584,15.6242772275988,133.170941539729
"72",497019.740486918,7870449.59252011,2015-07-23 15:56:00,0.0286078481273035,6.88358816020847,12.3807519386922,51.6269112015635,92.8556395401918,-0.286403721297864,0.286403721297864,49.5239426972481,-14.5848229311777
"73",497015.296224605,7870444.33587494,2015-07-23 16:04:00,0.297754416556786,13.8391145360521,10.3613513481303,103.793359020391,77.7101351109771,-0.446304171481627,0.446304171481627,93.6266445465874,-44.8008125783752
"74",497003.653969117,7870436.85396487,2015-07-23 16:12:00,0.403540858588074,9.02706224780776,11.4330883919299,67.7029668585582,85.7481629394744,0.512214656710314,0.512214656710314,59.014050908765,33.1818250973137
"75",496994.753471071,7870435.34764905,2015-07-23 16:20:00,2.11320759684875,6.90083293172109,7.96394758976442,51.7562469879082,59.7296069232332,1.19184883443614,1.19184883443614,19.1468528701263,48.0843750863323
"76",496999.251992494,7870430.11460021,2015-07-23 16:28:00,2.9660956439968,1.77437711912098,4.33760502542103,13.3078283934073,32.5320376906577,0.556728050177278,0.556728050177278,11.29819442764,7.03200534866281
"77",496998.348006026,7870431.6414344,2015-07-23 16:36:00,2.68081111823556,2.15467976508277,1.96452844210187,16.1600982381208,14.7339633157641,0.71045562205041,0.71045562205041,12.2504017592022,10.5392804215398
"78",497000.155669671,7870430.46883172,2015-07-23 16:44:00,2.67385116829032,0.960402624088606,1.55754119458569,7.20301968066455,11.6815589593927,0.509026656274312,0.509026656274312,6.2898155038829,3.51022982825271
"79",496999.672139918,7870431.29863421,2015-07-23 16:52:00,1.87320950896125,0.49589593985441,0.728149281971508,3.71921954890807,5.46111961478631,0.592142978680819,0.592142978680819,3.08600941167287,2.07584680649764
"80",497000.155515101,7870431.40936459,2015-07-23 17:00:00,2.56776712095117,0.61768138538724,0.556788662620825,4.6326103904043,4.17591496965619,0.559388932194181,0.559388932194181,3.92650580034538,2.45837979757725
"81",496999.724737237,7870430.96669007,2015-07-23 17:08:00,0.482858081450378,31.2960970161913,15.9568892007893,234.720727621435,119.676669005919,0.569481438698062,0.569481438698062,197.677265343426,126.560336367602
"82",496990.80792248,7870400.96775504,2015-07-23 17:16:00,0.621611404733251,42.9290390500801,37.1125680331357,321.967792875601,278.344260248518,-0.621611404758597,0.621611404758597,261.740857363982,-187.496621931045
"83",496956.901271798,7870374.63827663,2015-07-23 17:24:00,0.30656909724856,53.8218912383508,48.3754651442154,403.664184287631,362.815988581616,-0.306569097244161,0.306569097244161,384.843175930726,-121.821605703383
"84",496906.410996589,7870355.99617144,2015-07-23 17:32:00,0.949488652732306,19.5159785842107,36.6689349112807,146.36983938158,275.017011834606,-0.975892348185079,0.975892348185079,82.0299366644963,-121.223839946639
"85",496890.257553185,7870366.94786932,2015-07-23 17:40:00,0.745447015893741,55.5978082859425,37.5568934350766,416.983562144568,281.676700763074,-0.784811247153801,0.784811247153801,295.024907014079,-294.678800289582
"86",496877.606548792,7870421.08721152,2015-07-23 17:48:00,0.835191513220726,36.6953279106823,46.1465680983124,275.214959330117,346.099260737343,0.835191513244557,0.835191513244557,184.67906350436,204.051261555107
"87",496845.510375383,7870438.87436258,2015-07-23 17:56:00,0.485465728406234,35.4844048871388,36.0898663989106,266.133036653541,270.673997991829,-0.485465728410664,0.485465728410664,235.383420596706,-124.183084623588
"88",496826.085400037,7870468.56970436,2015-07-23 18:04:00,0.0308343298867153,151.056497980876,93.2704514340073,1132.92373485657,699.528385755055,0.0308343299234713,0.0308343299234713,1132.38521056207,34.9274090313552
"89",496739.535693796,7870592.37283005,2015-07-23 18:12:00,0.247003708492044,315.455392941991,233.255945461433,2365.91544706493,1749.41959096075,-0.247003708480938,0.247003708480938,2294.10841244371,-578.465638232251
"90",496627.490592122,7870887.25924908,2015-07-23 18:20:00,0.0579420215892879,293.594701085558,304.525047013774,2201.96025814169,2283.93785260331,0.0579420215942006,0.0579420215942006,2198.26499593172,127.514650517937
"91",496507.491729108,7871155.21096372,2015-07-23 18:28:00,0.139226348432034,124.898877169333,209.246789127446,936.741578769999,1569.35091845584,0.139226348434571,0.139226348434571,927.677346523473,129.998177462911
"92",496441.117478783,7871261.01355543,2015-07-23 18:36:00,0.0398604149027291,261.408212369627,193.15354476948,1960.56159277221,1448.6515857711,0.0398604148821538,0.0398604148821538,1959.00427721883,78.1281056459629
"93",496293.484877132,7871476.74224713,2015-07-23 18:44:00,0.0459412865390205,367.603669202242,314.505940785935,2757.02751901682,2358.79455589451,-0.0459412865590663,0.0459412865590663,2754.1185370758,-126.616840710433
"94",496100.028675142,7871789.32368536,2015-07-23 18:52:00,0.187486153420553,391.436875175923,379.520272189082,2935.77656381942,2846.40204141812,0.18748615344295,0.18748615344295,2884.32970427233,547.198492070005
"95",495835.600570426,7872077.9421267,2015-07-23 19:00:00,0.121876086274996,328.992966044385,360.214920610154,2467.44724533288,2701.61190457615,-0.121876086240311,0.121876086240311,2449.14445787225,-299.97888754795
"96",495644.495022716,7872345.73876847,2015-07-23 19:08:00,0.208313865212963,337.510658643609,333.251812343997,2531.32993982706,2499.38859257997,0.208313865208916,0.208313865208916,2476.60515773131,523.505641768586
"97",495395.863146552,7872573.98345045,2015-07-23 19:16:00,0.189468560877806,201.638965375117,269.574812009363,1512.29224031338,2021.81109007022,-0.189468560881558,0.189468560881558,1485.22895924453,-284.820572876074
"98",495275.662900505,7872735.87901311,2015-07-23 19:24:00,0.173519137473364,64.2088985556061,132.923931965361,481.566739167046,996.929489740211,0.173519137476259,0.173519137476259,474.3351907608,83.1423542960919
"99",495229.061071184,7872780.04972917,2015-07-23 19:32:00,0.924174547645775,8.1620732272026,36.1854858914043,61.2155492040195,271.391144185533,-0.355745419273131,0.355745419273131,57.3826678440986,-21.320715171954
"100",495229.973315927,7872788.16066308,2015-07-23 19:40:00,0.889316037365956,14.0295578921869,11.0958155596948,105.221684191402,83.2186166977107,0.101319403297313,0.101319403297313,104.682063066359,10.642767320864
"101",495220.133424541,7872798.16091469,2015-07-23 19:48:00,0.597499891857344,10.3574407157073,12.1934993039471,77.6808053678047,91.4512447796033,0.897159469312509,0.897159469312509,48.4598126955973,60.7120587371108
"102",495218.281013056,7872808.35135873,2015-07-23 19:56:00,1.96130094670117,8.42671857555839,9.39207964563285,63.200389316688,70.4405973422463,1.37217727011924,1.37217727011924,12.4704306633013,61.9578693053007
"103",495211.18800804,7872803.80175811,2015-07-23 20:04:00,0.939795098412164,3.88871152182522,6.15771504869181,29.1653364136892,46.1828628651886,0.64658585089224,0.64658585089224,23.2781776813453,17.5710925089871
"104",495207.561717686,7872805.20607131,2015-07-23 20:12:00,2.38391153503112,5.21828857994588,4.55350005088555,39.1371643495941,34.1512503816416,0.598731335559157,0.598731335559157,32.3293051900003,22.057508002015
"105",495209.801565993,7872800.4929391,2015-07-23 20:20:00,2.21667394265331,268.862453453249,137.040371016598,2016.46840089937,1027.80278262448,0.302181822027737,0.302181822027737,1925.10109503577,600.108811564821
"106",494946.418612116,7872854.49699898,2015-07-23 20:28:00,0.114376410348108,200.615052886078,234.738753169664,1504.61289664558,1760.54064877248,0.114376410287357,0.114376410287357,1494.7819756768,171.717249989553
"107",494746.577384438,7872872.10049763,2015-07-23 20:36:00,0.288802870803266,206.083200451142,203.34912666861,1545.62400338357,1525.11845001458,0.288802870804159,0.288802870804159,1481.61277440159,440.201256887661
"108",494544.640794178,7872830.96779748,2015-07-23 20:44:00,0.171482767706806,34.9971312604442,120.540165855793,262.478484453332,904.051243918449,0.171482767681706,0.171482767681706,258.62866670068,44.7902619053099
"109",494512.04279714,7872818.23320735,2015-07-23 20:52:00,0.814477403347286,55.9369132154486,45.4670222379464,419.526849115865,341.002666784598,-0.814477403318512,0.814477403318512,287.899715706046,-305.150013641591
"110",494461.482788548,7872842.1627663,2015-07-23 21:00:00,0.882517156583807,58.2489009422753,57.092907078862,436.866757067065,428.196803091465,0.882517156516373,0.882517156516373,277.501720938709,337.409778024213
"111",494408.793534899,7872817.32777061,2015-07-23 21:08:00,0.49227819829615,45.66459088983,51.9567459160527,342.484431673725,389.675594370395,-0.492278198318211,0.492278198318211,301.81727909492,-161.87005893189
"112",494363.190226642,7872819.69275204,2015-07-23 21:16:00,0.131349423900895,11.3413865646926,28.5029887272613,85.0603992351942,213.772415454459,0.0355065144768398,0.0355065144768398,85.0067865107939,3.01956373652516
"113",494352.038552839,7872821.75847724,2015-07-23 21:24:00,0.375104151998816,33.2311194883064,22.2862530264995,249.233396162298,167.146897698746,0.317731148049507,0.317731148049507,236.758437040416,77.8635232491591
"114",494319.4176977,7872815.41914664,2015-07-23 21:32:00,0.217838634441076,44.7561313120663,38.9936254001863,335.670984840497,292.452190501397,-0.217838634430043,0.217838634430043,327.7380199249,-72.5451608275471
"115",494274.676573913,7872816.57808251,2015-07-23 21:40:00,0.175785426899912,86.7293221969739,65.7427267545201,650.469916477304,493.070450658901,0.175785426928351,0.175785426928351,640.445840698546,113.755164163762
"116",494188.919678387,7872803.62701312,2015-07-23 21:48:00,0.112618777013191,13.8743006542671,50.3018114256205,104.057254907003,377.263585692154,0.410134622452229,0.410134622452229,95.4274904796064,41.4910395090992
"117",494175.520676862,7872800.0265997,2015-07-23 21:56:00,0.834420122083301,14.6387765839817,14.2565386191244,109.790824379863,106.924039643433,0.0725012292633543,0.0725012292633543,109.502396959439,7.95299806031453
"118",494168.840524688,7872787.00088104,2015-07-23 22:04:00,2.43778524198534,7.98841480306131,11.3135956935215,59.9131110229598,84.8519677014113,-1.22452995537472,1.22452995537472,20.3338003184924,-56.3570531260923
"119",494167.019827474,7872794.77904488,2015-07-23 22:12:00,0.0755195817049508,8.99075388174741,8.48958434240436,67.4306541131056,63.6718825680327,-0.416678569251002,0.416678569251002,61.6611693017251,-27.2909016792277
"120",494164.316041119,7872803.35361161,2015-07-23 22:20:00,1.86265675640478,5.8335199134872,7.4121368976173,43.751399351154,55.5910267321298,0.4703054475916,0.4703054475916,39.0013061426676,19.826322512006
"121",494170.149021779,7872803.43292875,2015-07-23 22:28:00,0.669209840369018,2.26781249516427,4.05066620432573,17.0085937137321,30.379996532443,0.441279934608802,0.441279934608802,15.3792681947112,7.26432171052132
"122",494171.946659115,7872802.05036826,2015-07-23 22:36:00,0.446200700359141,10.8892980943977,6.57855529478099,81.6697357079829,49.3391647108575,0.290529953563728,0.290529953563728,78.2471367217225,23.3951132817055
"123",494176.868396671,7872792.33680493,2015-07-23 22:44:00,2.7800428546207,2.91912064249178,6.90420936844475,21.8934048186884,51.7815702633356,-0.719180606467198,0.719180606467198,16.4714105551245,-14.422683830671
"124",494174.713236654,7872794.30570072,2015-07-23 22:52:00,2.72860764366342,1.99705318116921,2.4580869118305,14.9778988587691,18.4356518387287,-0.508100652124861,0.508100652124861,13.0857431618367,-7.28702820949388
"125",494175.523081934,7872792.48022215,2015-07-23 23:00:00,1.54402831586945,1.93196525635351,1.96450921876136,14.4897394226513,14.7338191407102,-0.699422116349774,0.699422116349774,11.0877564241858,-9.32814054430258
"126",494173.77870089,7872791.6497858,2015-07-23 23:08:00,2.35895450023802,1.24596215954302,1.58896370794827,9.34471619657268,11.917227809612,-0.780478199573205,0.780478199573205,6.64014179152048,-6.57512264395052
"127",494174.198723509,7872792.82281721,2015-07-23 23:16:00,2.70169774533601,0.625096533006769,0.935529346274896,4.68822399755077,7.01647009706172,-0.659215020860739,0.659215020860739,3.70591576318069,-2.87152095716187
"128",494173.757448245,7872792.3800737,2015-07-23 23:24:00,0.88460588996033,123.092637876824,61.8588672049155,923.194784076181,463.941504036866,-0.703791948155817,0.703791948155817,703.838029692927,-597.411614637216
"129",494051.24998325,7872804.36833963,2015-07-23 23:32:00,0.080598108503569,397.14200232679,260.117320101807,2978.56501745092,1950.87990076355,-0.0805981084870222,0.0805981084870222,2968.89579224602,-239.806876394935
"130",493660.393107801,7872874.74356913,2015-07-23 23:40:00,0.240134080072052,258.320794145627,327.731398236208,1937.4059560922,2457.98548677156,0.240134080116202,0.240134080116202,1881.81421349684,460.77880222817
"131",493402.56847308,7872858.74074379,2015-07-23 23:48:00,0.662094665911872,59.5381432632153,158.929468704421,446.536074474115,1191.97101528316,0.662094665923538,0.662094665923538,352.185781341343,274.51710552849
"132",493357.968052158,7872819.29973776,2015-07-23 23:56:00,2.31560229075306,6.28625438987799,32.9121988265467,47.146907924085,246.8414911991,-0.215127804041542,0.215127804041542,46.0601301866207,-10.0645583109097
"133",493364.221693567,7872818.6602353,2015-07-24 00:04:00,2.50464988353178,1.563477354482,3.92486587218,11.726080158615,29.43649404135,-0.5860900295197,0.5860900295197,9.76911085441998,-6.48578669093566
"134",493362.876711898,7872817.8630617,2015-07-24 00:12:00,0.17883999648881,263.981228140898,132.77235274769,1979.85921105674,995.792645607676,-0.584933190200729,0.584933190200729,1650.70559054804,-1093.16675257697
"135",493115.465577129,7872725.80971194,2015-07-24 00:20:00,0.606175021980571,264.928433119971,264.454830630435,1986.96324839978,1983.41122972826,0.606175021974618,0.606175021974618,1632.95240851457,1132.02887861479
"136",492964.038871416,7872508.42289663,2015-07-24 00:28:00,0.269687687560717,88.1759604108277,176.552196765399,661.319703081208,1324.14147574049,0.26968768756432,0.26968768756432,637.415742213748,176.195690246707
"137",492934.738306302,7872425.25753798,2015-07-24 00:36:00,0.429039399714183,5.03281052022049,46.6043854655241,37.7460789016537,349.532890991431,-0.350590327572016,0.350590327572016,35.4499897214647,-12.9639770594486
"138",492935.192161644,7872420.24523342,2015-07-24 00:44:00,1.38393721163159,10.20442181199,7.61861616610525,76.5331635899251,57.1396212457894,-0.584119288604484,0.584119288604484,63.8438189478658,-42.2053540588676
"139",492925.377180243,7872417.45303632,2015-07-24 00:52:00,0.875710118156216,24.0609455233552,17.1326836676726,180.457091425164,128.495127507544,0.236291356246218,0.236291356246218,175.442702668071,42.2447621149955
"140",492915.611684079,7872395.46294346,2015-07-24 01:00:00,1.92263796800991,5.02202277900336,14.5414841511793,37.6651708425252,109.061131133844,-2.97340045206339,2.97340045206339,-37.1336777607835,-6.30516221479713
"141",492912.005505015,7872398.95810946,2015-07-24 01:08:00,1.29347039771372,34.8531762758294,19.9375995274164,261.39882206872,149.531996455623,-2.97933012467581,2.97933012467581,-257.965164204676,-42.2293527746872
"142",492928.483323654,7872429.67008415,2015-07-24 01:16:00,1.42967377726267,14.4400401692521,24.6466082225407,108.30030126939,184.849561669055,1.46976762721094,1.46976762721094,10.9228352558379,107.748071560537
"143",492916.845762603,7872438.21888131,2015-07-24 01:24:00,0.14183490143551,21.3811153374617,17.9105777533569,160.358365030963,134.329333150177,0.780095439389048,0.780095439389048,113.990168771887,112.787617488625
"144",492897.997922942,7872448.31398077,2015-07-24 01:32:00,0.785689069153385,59.7282033331266,40.5546593352942,447.96152499845,304.159945014706,0.78568906915548,0.78568906915548,316.664472307268,316.848764960977
"145",492840.831831257,7872431.00802125,2015-07-24 01:40:00,0.0907172008099071,64.9921967008359,62.3602000169812,487.441475256269,467.701500127359,0.0907172008049124,0.0907172008049124,485.437123661366,44.1586998380579
"146",492780.589303852,7872406.61901709,2015-07-24 01:48:00,1.79467801347579,5.59327246290378,35.2927345818698,41.9495434717784,264.695509364024,-1.33786890203681,1.33786890203681,9.68308214107316,-40.8166892060081
"147",492779.693798017,7872412.1401371,2015-07-24 01:56:00,1.95461380571841,1.56011841518972,3.57669543904675,11.7008881139229,26.8252157928506,-0.961356097909921,0.961356097909921,6.6976884585295,-9.59436042511551
"148",492778.359385755,7872411.33185906,2015-07-24 02:04:00,1.02657797170066,1.88106308854527,1.72059075186749,7.05398658204475,9.37743734798382,-1.05268675621031,1.05268675621031,3.49340714513633,-6.12819983502315
"149",492778.360129213,7872409.45079612,2015-07-24 02:20:00,0.0142818519374803,1.47180534316267,1.67643421585397,11.03854007372,9.04626332788238,-1.18912938648159,1.18912938648159,4.11150274414095,-10.2442624011709
"150",492778.38173025,7872407.9791493,2015-07-24 02:28:00,2.49755545471734,2.93755024353109,2.20467779334688,22.0316268264832,16.5350834501016,-1.29427551039017,1.29427551039017,6.01486092584941,-21.1946698172938
"151",492776.583653867,7872410.30210491,2015-07-24 02:36:00,2.01968592215102,4.57714292100605,3.75734658226857,34.3285719075453,28.1800993670143,-1.16985587598073,1.16985587598073,13.3979054901624,-31.6061224715748
"152",492781.060408349,7872411.25547085,2015-07-24 02:44:00,3.00619840687062,4.28814503083699,4.43264397592152,32.1610877312775,33.2448298194114,-0.99252223082999,0.99252223082999,17.5785901914078,-26.9319277241988
"153",492777.025257928,7872409.80435098,2015-07-24 02:52:00,2.55529507081818,1.85085780020524,3.06950141552112,13.8814335015393,23.0212606164084,-1.19550807798963,1.19550807798963,5.0881107909824,-12.9153135709648
"154",492778.822590795,7872409.36245827,2015-07-24 03:00:00,3.1217897989112,1.3707434400223,1.61080062011377,10.2805758001672,12.0810046508533,-1.18435710883664,1.18435710883664,3.87467306904883,-9.52245490359349
"155",492777.49822922,7872409.71601732,2015-07-24 03:08:00,0.711988023273971,9.5830851149573,5.4769142774898,71.8731383621798,41.0768570811735,-1.19062782599698,1.19062782599698,26.6704646022781,-66.7415487977891
"156",492772.103621427,7872417.63647987,2015-07-24 03:16:00,0.0668656534790903,28.3660505242773,18.9745678196173,212.74537893208,142.30925864713,-0.694809910127553,0.694809910127553,163.425770537931,-136.207979872832
"157",492757.737674223,7872442.09567821,2015-07-24 03:24:00,0.0186364397041046,24.9612657452475,26.6636581347624,187.209493089356,199.977436010718,0.0186364397130286,0.0186364397130286,187.176983521292,3.48871647512656
"158",492744.697175364,7872463.37971394,2015-07-24 03:32:00,0.593720809773389,16.2169555989494,20.5891106720985,121.62716699212,154.418330040738,1.14169759749218,1.14169759749218,50.6031542040502,110.600581079533
"159",492729.938842674,7872470.101415,2015-07-24 03:40:00,0.0325615434256519,2.41416090495859,9.31555825195399,18.1062067871894,69.866686889655,0.50425023708617,0.50425023708617,15.8526534156344,8.74803428801241
"160",492727.710409916,7872471.02999473,2015-07-24 03:48:00,2.26506960788197,3.01162301100259,2.71289195798059,22.5871725825194,20.3466896848544,0.454593756628767,0.454593756628767,20.293207650782,9.91796796298302
"161",492730.379326887,7872472.42525648,2015-07-24 03:56:00,1.98157524073799,6.7110563020629,4.86133965653274,50.3329222654718,36.4600474239956,1.30196121126847,1.30196121126847,13.368855719163,48.5250117005882
"162",492730.854927975,7872465.73107391,2015-07-24 04:04:00,1.31986714604219,2.71350541138853,4.71228085672572,20.351290585414,35.3421064254429,0.354185006588405,0.354185006588405,19.0880750144487,7.05835821807994
"163",492733.524592463,7872465.24527236,2015-07-24 04:12:00,0.859106141833153,1.78395767263258,2.24873154201055,13.3796825447443,16.8654865650791,0.86576750950351,0.86576750950351,8.67078056552112,10.1898709208074
"164",492734.429040601,7872463.70758626,2015-07-24 04:20:00,2.45431944725102,1.89232314205001,1.83814040734129,14.1924235653751,13.7860530550597,0.754013164717161,0.754013164717161,10.3455310453403,9.71570244752865
"165",492732.652637142,7872464.3597194,2015-07-24 04:28:00,2.19906081135419,2.64396049875424,2.26814182040212,19.8297037406568,17.0110636530159,0.593954935843734,0.593954935843734,16.4335460135994,11.0975544991286
"166",492734.848584962,7872465.83224794,2015-07-24 04:36:00,2.35644978806215,2.16568804006141,2.40482426940782,16.2426603004606,18.0361820205587,0.890787542763681,0.890787542763681,10.2133824290298,12.6297598153941
"167",492734.429040601,7872463.70758626,2015-07-24 04:44:00,1.85412407877274,2.49836072487428,2.33202438246785,18.7377054365571,17.4901828685089,0.754013164717161,0.754013164717161,13.6588026998629,12.8272644719519
"168",492732.211030556,7872464.85747224,2015-07-24 04:52:00,0.815150994594985,3.31794894090724,2.90815483289076,24.8846170568043,21.8111612466807,0.537360243016208,0.537360243016208,21.377450932658,12.7376904376576
"169",492729.079567703,7872463.76078378,2015-07-24 05:00:00,2.78734062582862,3.11137127800276,3.214660109455,23.3352845850207,24.1099508209125,-0.0250299058706601,0.0250299058706601,23.3279752332214,-0.584018991225391
"170",492732.190468818,7872463.70669601,2015-07-24 05:08:00,0.605877052097034,2.65269809136939,2.88203468468608,19.8952356852704,21.6152601351456,0.441337658034452,0.441337658034452,17.9888959393063,8.49823663222367
"171",492734.396926249,7872465.17922878,2015-07-24 05:16:00,1.68520134681786,0.666894472042673,1.65979628170603,5.00170854032005,12.4484721127952,0.853200980834566,0.853200980834566,3.28899816644378,3.76823292584734
"172",492733.965825019,7872465.68805092,2015-07-24 05:24:00,1.78324908318004,2.20594082106974,1.43641764655621,16.544556158023,10.7731323491715,0.890632972458708,0.890632972458708,10.4052028462961,12.8628959489459
"173",492732.621275193,7872463.93923398,2015-07-24 05:32:00,0.500969356045108,1.45788924699223,1.83191503403098,10.9341693524417,13.7393627552324,0.548030451056861,0.548030451056861,9.33288568310839,5.69678016548879
"174",492731.286773176,7872463.35225407,2015-07-24 05:40:00,2.89377257227248,3.61255449660396,2.53522187179809,27.0941587245297,19.0141640384857,0.263663214715448,0.263663214715448,26.1578321472277,7.06125019720096
"175",492734.849332878,7872463.95118508,2015-07-24 05:48:00,2.38479876306129,5.18985882828461,4.40120666244428,38.9239412121346,33.0090499683321,0.764604503658019,0.764604503658019,28.0897033819794,26.9451621520102
"176",492731.719080414,7872459.81160127,2015-07-24 05:56:00,1.08681933398561,15.8721071173467,10.5309829728157,119.0408033801,78.9823722961174,0.0988883530744441,0.0988883530744441,118.459233103232,11.7525725683298
"177",492716.058558824,7872462.3945933,2015-07-24 06:04:00,1.15399500151275,4.02319204140693,9.94764957937682,30.173940310552,74.6073718453261,-0.843678951898867,0.843678951898867,20.0571856617128,-22.5427588639087
"178",492713.852857692,7872459.02993036,2015-07-24 06:12:00,2.2415997054547,15.7681834753535,9.8956877583802,118.261376065151,74.2176581878515,-0.977159905851041,0.977159905851041,66.1529288403421,-98.0282769136931
"179",492708.896803879,7872473.99900317,2015-07-24 06:20:00,2.366649017263,5.03971687164104,10.4039501734973,37.7978765373078,78.0296263012294,0.792541194217989,0.792541194217989,26.5355418448224,26.9173640932994
"180",492707.540699501,7872474.87260311,2015-07-24 06:36:00,1.89860346738249,11.3450200082701,8.40655805322874,85.0876500620261,63.0491853992155,0.880511450793547,0.880511450793547,54.1801453778181,65.608079075037
